{
    "61": [{"cam_R_m2c": [0.06769948207177623, 0.4933657615667179, -0.8671833747489086, -0.24471386595963068, -0.8344156115700246, -0.4938276126092118, -0.9672289821620863, 0.24564366973710994, 0.06424393810921392], "cam_t_m2c": [-33.87734344368049, 22.386697322522895, 522.2117063731648], "obj_id": 1}],
    "74": [{"cam_R_m2c": [0.008671242674724633, -0.1638017009198209, -0.9864551750212726, 0.5008388051676713, -0.853126906977147, 0.14606495756965676, -0.8654971408321898, -0.49532159590248015, 0.07464057773037924], "cam_t_m2c": [99.25186058289323, 77.91971264754578, 438.1056162157009], "obj_id": 1}],
    "292": [{"cam_R_m2c": [0.114070209095848552, -0.8777552239548663, -0.4789026999672709, -0.8232718911160202, -0.2262461900127699, 0.3884301610929751, -0.4492965142954129, 0.4223250268746198, -0.7872574000397479], "cam_t_m2c": [164.58946650095197, -106.66342915919004, 546.9879780364353], "obj_id": 1}],
    "433": [{"cam_R_m2c": [-0.24281954765319824, 0.832048773765564, -0.498731791973114, -0.9525487422943115, -0.3017849922180176, -0.03970550000667572, -0.1835467368364334, 0.4654250741004944, 0.8658464550971985], "cam_t_m2c": [-38.858341217041016, 35.3868293762207, 570.9066772460938], "obj_id": 1}]
}
